"bigram","total_mentions","active_days","score"
"imgur album",77,27,256.579747283491
"feel free",38,27,126.623771386658
"diversified opinion",30,27,99.9661353052561
"album pinterest",27,27,89.9695217747305
"basic crewneck",27,27,89.9695217747305
"cap sleeves",27,27,89.9695217747305
"cocktail dress",27,27,89.9695217747305
"code taking",27,27,89.9695217747305
"crewneck white",27,27,89.9695217747305
"dress code",27,27,89.9695217747305
"evening wedding",27,27,89.9695217747305
"individual style",27,27,89.9695217747305
"lt 25",27,27,89.9695217747305
"pants cuffed",27,27,89.9695217747305
"pictures directly",27,27,89.9695217747305
"pinterest board",27,27,89.9695217747305
"post pictures",27,27,89.9695217747305
"relevant details",27,27,89.9695217747305
"responses remember",27,27,89.9695217747305
"shoes suitable",27,27,89.9695217747305
"specific items",27,27,89.9695217747305
"start dressing",27,27,89.9695217747305
"venue type",27,27,89.9695217747305
"multiple pictures",23,23,73.0952380980028
"thread february",19,17,54.9170634000271
"https www.reddit.com",14,7,29.1121815835177
"receive cc",14,7,29.1121815835177
"thread march",11,10,26.3768480007821
"fast fashion",9,8,19.775021196026
"2026 waywt",7,7,14.5560907917588
"2iupe5 taking_outfit_photos_with_your_phone",7,7,14.5560907917588
"3jfxk8 how_to_give_and_receive_constructive_criticism_a",7,7,14.5560907917588
"albums instagram",7,7,14.5560907917588
"blogger double",7,7,14.5560907917588
"blogger participation",7,7,14.5560907917588
"camera symbol",7,7,14.5560907917588
"comment rules",7,7,14.5560907917588
"comments 2iupe5",7,7,14.5560907917588
"comments 3jfxk8",7,7,14.5560907917588
"constructive criticism",7,7,14.5560907917588
"constructive factual",7,7,14.5560907917588
"double check",7,7,14.5560907917588
"enhancement suite",7,7,14.5560907917588
"fashion goals",7,7,14.5560907917588
"fashion related",7,7,14.5560907917588
"feed select",7,7,14.5560907917588
"ffa rules",7,7,14.5560907917588
"flattering spot",7,7,14.5560907917588
"fold note",7,7,14.5560907917588
"guide http",7,7,14.5560907917588
"http www.reddit.com",7,7,14.5560907917588
"image uploading",7,7,14.5560907917588
"image viewable",7,7,14.5560907917588
"imgur albums",7,7,14.5560907917588
"imgur feed",7,7,14.5560907917588
"improve https",7,7,14.5560907917588
"life style",7,7,14.5560907917588
"link directly",7,7,14.5560907917588
"loose loose",7,7,14.5560907917588
"loose silhouettes",7,7,14.5560907917588
"main imgur",7,7,14.5560907917588
"means constructive",7,7,14.5560907917588
"note comment",7,7,14.5560907917588
"opinion reddit",7,7,14.5560907917588
"outfit e.g",7,7,14.5560907917588
"pants hit",7,7,14.5560907917588
"participation https",7,7,14.5560907917588
"person improve",7,7,14.5560907917588
"pet photos",7,7,14.5560907917588
"phone read",7,7,14.5560907917588
"photos directly",7,7,14.5560907917588
"privacy setting",7,7,14.5560907917588
"reddit enhancement",7,7,14.5560907917588
"school home",7,7,14.5560907917588
"select hidden",7,7,14.5560907917588
"share pet",7,7,14.5560907917588
"sharing photos",7,7,14.5560907917588
"shoes critiquing",7,7,14.5560907917588
"silhouettes taking",7,7,14.5560907917588
"someone's opinion",7,7,14.5560907917588
"specific aspect",7,7,14.5560907917588
"suite makes",7,7,14.5560907917588
"taking photos",7,7,14.5560907917588
"taking_outfit_photos_with_your_phone sharing",7,7,14.5560907917588
"uploading photos",7,7,14.5560907917588
"vent share",7,7,14.5560907917588
"view pictures",7,7,14.5560907917588
"violation include",7,7,14.5560907917588
"wiki rules",7,7,14.5560907917588
"recent purchases",8,4,12.8755032994728
"random fashion",6,3,8.31776616671934
"2026 can’t",4,4,6.4377516497364
"bags clothing",4,4,6.4377516497364
"buys clothes",4,4,6.4377516497364
"can’t figure",4,4,6.4377516497364
"clothes shoes",4,4,6.4377516497364
"clothing shoes",4,4,6.4377516497364
"cologne share",4,4,6.4377516497364
"fashion news",4,4,6.4377516497364
"frustrated due",4,4,6.4377516497364
"gather round",4,4,6.4377516497364
"jewellery perfume",4,4,6.4377516497364
"label slashing",4,4,6.4377516497364
"newly released",4,4,6.4377516497364
"news related",4,4,6.4377516497364
"outfit doesn’t",4,4,6.4377516497364
"purchases bags",4,4,6.4377516497364
"purchases thread",4,4,6.4377516497364
"razors cologne",4,4,6.4377516497364
"reasons we’ve",4,4,6.4377516497364
"related news",4,4,6.4377516497364
"released runway",4,4,6.4377516497364
"review pictures",4,4,6.4377516497364
"shared directly",4,4,6.4377516497364
"shoes jewellery",4,4,6.4377516497364
"shoes razors",4,4,6.4377516497364
"struggles keeping",4,4,6.4377516497364
"talking negatively",4,4,6.4377516497364
"trends emerging",4,4,6.4377516497364
"waywt february",4,4,6.4377516497364
"weekly recent",4,4,6.4377516497364
"amp comments",4,2,4.39444915467244
"applying https",4,2,4.39444915467244
"forms.gle xdnvjqi2acvryihta",4,2,4.39444915467244
"https forms.gle",4,2,4.39444915467244
"posts amp",4,2,4.39444915467244
"2026 talk",3,3,4.15888308335967
"fragrance thread",3,3,4.15888308335967
"hair makeup",3,3,4.15888308335967
"makeup skincare",3,3,4.15888308335967
"pine notes",3,3,4.15888308335967
"simple hair",3,3,4.15888308335967
"skincare fitness",3,3,4.15888308335967
"straight thick",3,3,4.15888308335967
"subtle pine",3,3,4.15888308335967
"thick hair",3,3,4.15888308335967
"waywt march",3,3,4.15888308335967
"current brands",3,2,3.29583686600433
"calvin klein",4,1,2.77258872223978
"approving posts",2,2,2.19722457733622
"automod responses",2,2,2.19722457733622
"ballet flats",2,2,2.19722457733622
"closed toe",2,2,2.19722457733622
"comments removing",2,2,2.19722457733622
"comments responding",2,2,2.19722457733622
"eye twitches",2,2,2.19722457733622
"fabric quality",2,2,2.19722457733622
"isn’t fast",2,2,2.19722457733622
"meta post",2,2,2.19722457733622
"mod applications",2,2,2.19722457733622
"news february",2,2,2.19722457733622
"news march",2,2,2.19722457733622
"online shopping",2,2,2.19722457733622
"purchases february",2,2,2.19722457733622
"purchases march",2,2,2.19722457733622
"quality clothes",2,2,2.19722457733622
"removing posts",2,2,2.19722457733622
"sidebar wiki",2,2,2.19722457733622
"term projects",2,2,2.19722457733622
"wiki links",2,2,2.19722457733622
"01 2026",3,1,2.07944154167984
"02 2026",3,1,2.07944154167984
"03 2026",3,1,2.07944154167984
"04 2026",3,1,2.07944154167984
"08 2026",3,1,2.07944154167984
"09 2026",3,1,2.07944154167984
"15 2026",3,1,2.07944154167984
"16 2026",3,1,2.07944154167984
"17 2026",3,1,2.07944154167984
"18 2026",3,1,2.07944154167984
"22 2026",3,1,2.07944154167984
"23 2026",3,1,2.07944154167984
"24 2026",3,1,2.07944154167984
"25 2026",3,1,2.07944154167984
"actual measurements",3,1,2.07944154167984
"alternative fashion",3,1,2.07944154167984
"february 15",3,1,2.07944154167984
"february 16",3,1,2.07944154167984
"february 17",3,1,2.07944154167984
"february 18",3,1,2.07944154167984
"february 22",3,1,2.07944154167984
"february 23",3,1,2.07944154167984
"february 24",3,1,2.07944154167984
"february 25",3,1,2.07944154167984
"march 01",3,1,2.07944154167984
"march 02",3,1,2.07944154167984
"march 03",3,1,2.07944154167984
"march 04",3,1,2.07944154167984
"march 08",3,1,2.07944154167984
"march 09",3,1,2.07944154167984
"social media",3,1,2.07944154167984
"tyler mcgillivary",3,1,2.07944154167984
"06 2026",2,1,1.38629436111989
"13 2026",2,1,1.38629436111989
"20 2026",2,1,1.38629436111989
"27 2026",2,1,1.38629436111989
"clothing quality",2,1,1.38629436111989
"cotton silk",2,1,1.38629436111989
"current events",2,1,1.38629436111989
"customer service",2,1,1.38629436111989
"fashion i’m",2,1,1.38629436111989
"favorite boutique",2,1,1.38629436111989
"february 13",2,1,1.38629436111989
"february 20",2,1,1.38629436111989
"february 27",2,1,1.38629436111989
"holy grail",2,1,1.38629436111989
"im sick",2,1,1.38629436111989
"inches larger",2,1,1.38629436111989
"indie brands",2,1,1.38629436111989
"linen wool",2,1,1.38629436111989
"lost package",2,1,1.38629436111989
"luxury fashion",2,1,1.38629436111989
"march 06",2,1,1.38629436111989
"narrow feet",2,1,1.38629436111989
"package claim",2,1,1.38629436111989
"quiet luxury",2,1,1.38629436111989
"silk linen",2,1,1.38629436111989
"size 10",2,1,1.38629436111989
"ultra fast",2,1,1.38629436111989
